Energy Source,Capacity (MW),Annual Generation (GWh),Installed Cost ($/MW),Location,Operational Since,Number of Units,Efficiency (%),Renewable
Coal,5454,7096,3987,Norway,1962,249,28,Yes
Solar,6156,21523,2513,South Africa,2008,215,13,Yes
Biomass,6746,20281,4611,South Africa,1986,98,33,No
Biomass,4494,24929,3245,UK,1971,125,21,Yes
Nuclear,5524,18410,875,Canada,1984,127,10,No
Biomass,1035,11965,3889,USA,1975,234,46,Yes
Coal,5878,23005,868,Norway,2007,136,34,No
Hydropower,1060,10760,4343,South Africa,1985,239,14,No
Geothermal,6112,10250,1130,India,1965,79,51,No
Nuclear,2821,29665,4117,Iceland,1982,46,44,No
Natural Gas,5251,17199,1670,France,2014,172,12,No
Oil,2057,8364,2372,Mexico,2011,101,18,No
Oil,5531,26967,5689,Venezuela,1994,165,45,Yes
Wind,4958,12522,1347,Saudi Arabia,1989,161,52,Yes
Natural Gas,2435,8417,4327,Spain,1972,19,14,Yes
Nuclear,4300,8852,1760,Russia,2004,228,13,No
Nuclear,1056,24059,1832,Mexico,2018,103,46,No
Oil,5775,29055,3811,Russia,1980,67,12,No
Wind,4818,13998,3622,Iceland,2006,66,22,Yes
Coal,3589,24653,3973,China,1993,106,35,Yes
Oil,3289,19756,3868,Mexico,1971,232,34,Yes
Geothermal,3973,21961,4263,Germany,2006,72,43,No
Biomass,1957,10008,5843,France,1990,146,54,No
Solar,2594,22154,882,Spain,2006,151,45,No
Biomass,6912,9963,3224,Russia,2016,86,45,No
Coal,5210,12246,2353,Iceland,1971,66,19,Yes
Solar,4344,2903,4643,Mexico,1966,39,14,Yes
Hydropower,4940,4741,3998,Norway,1991,103,21,Yes
Biomass,3061,14151,847,France,1994,88,50,No
Oil,1769,15816,4573,Venezuela,2001,247,36,Yes
Wind,4835,12266,2595,UK,1981,201,19,No
Biomass,5354,5707,5196,France,1970,80,35,No
Biomass,2858,23195,2923,China,1987,154,19,Yes
Biomass,3195,18165,1874,Venezuela,1977,136,38,No
Nuclear,3548,19501,1995,UK,1998,118,35,No
Solar,4834,22913,5615,Mexico,2017,39,14,No
Wind,6580,17892,5883,Venezuela,1966,216,40,Yes
Solar,4742,22957,3974,France,1971,95,43,No
Geothermal,2575,21319,5470,Germany,2008,205,39,No
Nuclear,6709,8584,4637,Brazil,1989,238,39,No
Biomass,3993,26509,4190,Norway,1973,211,30,No
Hydropower,2306,26727,2197,Mexico,2006,168,26,Yes
Nuclear,5467,21129,3267,Italy,1979,209,41,Yes
Hydropower,2164,24153,5237,Germany,2017,214,48,No
Solar,4313,4688,1724,India,1967,111,11,No
Solar,1960,18787,5851,UK,2017,220,11,No
Geothermal,3305,16791,1258,France,1976,214,40,Yes
Coal,4492,21506,2337,Argentina,1966,229,51,Yes
Coal,4946,5486,5402,Russia,2000,182,47,Yes
Natural Gas,2534,5621,5817,Venezuela,1975,16,52,Yes
Oil,3746,24456,4522,Russia,1962,109,11,Yes
Geothermal,3780,3918,3480,Italy,1970,71,15,No
Wind,6185,6073,2249,China,2001,245,24,No
Geothermal,2229,14933,5933,Iceland,2002,27,19,No
Oil,5516,14347,4563,Germany,2000,201,31,Yes
Wind,2333,10144,4194,USA,1989,46,13,No
Wind,2734,23978,3058,Spain,1970,47,40,No
Nuclear,5745,22925,2471,Norway,1970,148,33,Yes
Biomass,4599,2966,3656,Iceland,1991,192,27,Yes
Natural Gas,2181,5275,1112,USA,1977,65,20,Yes
Nuclear,5789,11873,1141,Iceland,2019,86,16,Yes
Hydropower,4004,21487,2298,UK,1995,108,16,Yes
Solar,5650,23151,2519,Iceland,1996,210,31,No
Biomass,3514,22564,4262,Russia,1996,100,45,Yes
Coal,3845,22570,2216,Australia,1977,104,53,No
Geothermal,3083,2757,5135,Norway,2009,129,37,Yes
Geothermal,4347,20610,1477,Italy,1981,118,26,Yes
Natural Gas,4984,19994,5859,Japan,1987,8,48,Yes
Geothermal,4607,16630,1486,France,1985,178,46,Yes
Geothermal,5451,8724,1544,USA,2007,158,17,Yes
Biomass,6816,12619,1225,Russia,2014,56,24,Yes
Geothermal,2730,14839,1660,India,1968,161,47,No
Geothermal,5177,6223,3935,Argentina,1993,87,14,Yes
Oil,3988,13471,5977,Saudi Arabia,2018,113,41,Yes
Geothermal,3086,18397,1815,Germany,2007,228,18,Yes
Biomass,5645,27763,5601,Spain,1969,156,45,No
Nuclear,1362,10678,2259,Norway,1971,115,17,No
Coal,5648,28491,1501,Norway,2008,15,33,Yes
Coal,2903,21851,5261,Argentina,2007,146,13,Yes
Solar,4867,2359,1754,Brazil,1988,82,53,No
Wind,6764,22811,1151,Canada,1976,18,27,Yes
Coal,2459,24512,1736,Iceland,2008,216,50,Yes
Biomass,3454,16134,3541,Mexico,1962,70,37,No
Solar,3725,7202,3367,Russia,1968,8,46,No
Coal,1542,28827,1155,Australia,1993,145,46,No
Solar,2799,21123,3791,Italy,2019,13,27,Yes
Wind,6720,8306,1509,Venezuela,2008,248,43,Yes
Hydropower,1239,24458,1481,Brazil,1974,15,50,No
Geothermal,3442,2080,1596,Russia,2000,130,50,Yes
Hydropower,3893,2540,3701,Brazil,1961,11,29,No
Solar,6944,16729,5675,Saudi Arabia,2006,57,41,Yes
Biomass,2938,14433,5411,Germany,1991,164,32,No
Hydropower,1060,26812,3122,Canada,1982,124,13,Yes
Solar,1024,27820,846,Japan,2005,48,54,Yes
Nuclear,5256,28265,1935,Russia,1960,228,10,Yes
Coal,4436,5422,1878,China,1972,154,42,No
Solar,6502,13387,5609,Australia,2000,18,15,Yes
Hydropower,1367,2101,3251,Italy,2016,76,50,Yes
Nuclear,5212,7819,5095,Russia,1960,50,17,Yes
Hydropower,3020,27979,4741,Brazil,1988,33,15,No
Hydropower,5112,26542,4299,Norway,1991,87,25,Yes
Biomass,6044,23497,1740,Germany,1988,162,34,No
Biomass,5072,11402,2446,India,2016,66,52,No
Hydropower,3256,5346,4558,France,2017,159,21,Yes
Biomass,1814,8668,3522,Venezuela,1979,55,10,No
Geothermal,3654,4945,5569,Mexico,2011,20,43,No
Wind,2876,15595,5271,France,1992,179,44,No
Hydropower,4863,23002,3685,Italy,2002,70,42,Yes
Wind,4727,12179,2638,France,2003,114,12,Yes
Geothermal,5268,12173,1728,Canada,2015,184,41,Yes
Natural Gas,6239,2784,5107,Germany,1964,30,26,No
Oil,2591,21068,2247,Mexico,2010,23,16,Yes
Hydropower,6474,5846,5310,India,1977,44,20,No
Biomass,4483,25040,4095,Japan,1989,181,32,Yes
Solar,6457,24535,2703,Norway,1998,50,24,Yes
Solar,4799,24595,4769,China,1986,155,45,Yes
Natural Gas,4661,3851,4800,USA,1985,32,13,No
Solar,1432,22216,5790,Russia,1978,208,52,Yes
Natural Gas,3007,24900,1928,Italy,2011,49,48,No
Biomass,3910,14799,1503,USA,1980,171,52,Yes
Biomass,6509,8564,3031,Mexico,2007,246,32,No
Oil,1377,16764,4192,Australia,2017,5,47,Yes
Oil,5327,5797,1669,Iceland,2001,142,26,Yes
Oil,5833,20166,4341,Iceland,1967,27,43,Yes
Hydropower,1881,21656,2853,Japan,1994,74,30,Yes
Biomass,6090,21622,1859,Japan,1988,130,49,No
Hydropower,2820,3962,5773,Iceland,1992,156,44,Yes
Solar,4316,21425,5512,Norway,2009,75,52,Yes
Oil,3116,26228,4028,Russia,1998,91,42,Yes
Oil,3504,24596,4475,Spain,1972,220,43,No
Biomass,6884,10973,2985,France,1984,70,41,Yes
Oil,1370,13177,1099,Australia,2006,188,31,Yes
Hydropower,6494,18712,2467,Russia,2006,188,10,No
Oil,2584,25174,5003,France,1967,159,32,Yes
Geothermal,6219,11566,4779,Iceland,1969,164,27,No
Biomass,6701,27740,2294,Norway,1999,152,10,Yes
Solar,2635,10802,3466,Canada,2005,194,47,Yes
Geothermal,3119,20307,2570,Russia,1993,30,18,No
Biomass,3561,28856,932,Germany,1990,237,51,Yes
Natural Gas,1129,9696,2493,USA,1995,76,43,No
Oil,5295,4309,1116,Germany,1994,16,31,No
Solar,4737,22008,802,Italy,1999,128,47,Yes
Oil,2124,11655,3838,Canada,1962,190,42,No
Coal,3637,17261,1893,China,1989,60,26,Yes
Solar,4250,20101,2383,South Africa,2016,22,27,Yes
Natural Gas,2435,26854,2028,UK,1999,187,36,Yes
Coal,5192,20967,2481,India,1982,109,15,No
Biomass,2579,10443,2927,South Africa,1995,5,53,No
Wind,4859,5962,3544,Mexico,2013,16,32,Yes
Oil,2325,11124,5816,Venezuela,1960,41,14,Yes
Solar,1100,26299,2339,Mexico,1986,232,19,Yes
Geothermal,5432,14475,4572,Mexico,1964,210,31,Yes
Natural Gas,5208,13298,3216,Russia,2013,13,53,Yes
Coal,4306,9110,1983,Canada,2003,68,31,Yes
Nuclear,5985,24918,5350,Saudi Arabia,2007,235,35,No
Oil,1372,2344,2847,Japan,1969,143,25,Yes
Oil,4988,28188,897,Saudi Arabia,1966,222,43,Yes
Hydropower,4168,7137,4047,Norway,1989,238,34,Yes
Oil,2506,11776,4139,Germany,1965,14,15,No
Natural Gas,5971,22261,2695,Australia,1961,123,16,No
Natural Gas,5437,17360,2142,Russia,1982,89,23,No
Wind,2026,5530,3038,Canada,1986,9,37,No
Natural Gas,4527,8769,5847,Russia,1989,192,22,No
Oil,6228,29500,3591,Saudi Arabia,1965,44,12,Yes
Oil,3251,9172,969,Argentina,1976,213,30,Yes
Biomass,1243,26159,5177,South Africa,1986,215,10,Yes
Hydropower,1374,27532,4749,Italy,2004,243,29,Yes
Biomass,5959,3663,3238,UK,1986,211,45,Yes
Natural Gas,5161,25050,871,South Africa,1974,220,32,Yes
Biomass,3512,6893,4616,Canada,1984,243,29,No
Natural Gas,5306,24377,1759,India,1968,57,11,Yes
Coal,4470,3264,1566,Canada,1979,104,40,Yes
Nuclear,6231,3549,4837,Canada,1989,128,45,No
Solar,6999,6371,2374,France,2015,53,22,Yes
Oil,1801,18425,2787,India,2019,35,35,Yes
Geothermal,6250,9596,2087,Argentina,1971,8,27,No
Natural Gas,5635,16387,1170,France,2006,15,26,Yes
Coal,3792,27707,5815,USA,1981,37,25,Yes
Oil,5471,28768,4088,USA,1962,154,35,Yes
Hydropower,4983,21960,4882,China,2017,174,25,Yes
Biomass,5935,12994,5693,Norway,1986,127,50,No
Nuclear,3028,6005,2520,Venezuela,2013,115,37,No
Coal,2443,11742,2123,Norway,2008,102,20,No
Biomass,3785,19060,3566,Italy,2003,151,18,No
Geothermal,1945,17474,3722,Australia,1964,230,34,Yes
Coal,1848,15444,5322,China,2017,184,30,No
Biomass,5280,10178,5135,Brazil,1982,209,54,Yes
Biomass,1319,2303,4001,Germany,1978,196,25,No
Nuclear,2466,12112,3603,India,1998,57,40,Yes
Nuclear,5997,14081,2207,Iceland,1961,199,35,No
Biomass,6939,21365,1880,USA,1964,94,46,Yes
Hydropower,6370,14747,1136,UK,1999,239,19,Yes
Biomass,5669,25340,5096,Saudi Arabia,1979,227,41,Yes
Nuclear,4178,24085,5257,Japan,1987,184,45,Yes
Nuclear,3515,26936,2484,Norway,1967,97,19,No
Coal,3093,18878,5087,South Africa,2008,174,19,Yes
Wind,6088,28384,2251,UK,2013,22,26,Yes
Hydropower,2598,20186,5305,Spain,1989,147,49,No
Hydropower,4094,5589,928,Germany,1994,64,23,Yes
Oil,6345,9063,3271,Brazil,1984,65,43,Yes
Wind,4721,25471,1186,Saudi Arabia,2017,18,50,Yes
Coal,2356,28179,2022,France,1972,102,43,No
Oil,6693,9334,3747,South Africa,1965,27,53,No
Geothermal,3218,9152,4670,China,2004,249,29,Yes
Solar,1759,12514,1581,India,1973,194,22,Yes
Hydropower,5496,8238,1684,Italy,2008,93,19,Yes
Coal,4387,26016,1456,China,1998,163,51,No
Coal,5369,16111,2014,USA,1975,143,26,Yes
Solar,2340,9445,827,Saudi Arabia,1960,136,45,Yes
Oil,6785,7089,5798,Spain,2009,164,15,Yes
Wind,6262,21511,4630,Saudi Arabia,2011,246,47,Yes
Wind,1877,3354,5450,Norway,1964,37,43,No
Solar,5277,12348,3492,Russia,2005,146,45,No
Biomass,1081,27631,4617,Spain,1982,182,15,Yes
Oil,4613,18979,1199,Canada,1990,44,36,No
Oil,3246,6243,2780,Italy,1992,133,39,Yes
Geothermal,5124,13423,5414,Spain,2015,243,42,No
Geothermal,5580,21219,4627,Spain,1991,29,22,No
Solar,5023,4855,5501,China,2005,89,45,Yes
Biomass,5594,24439,3674,Canada,1996,48,53,Yes
Nuclear,5274,2609,2745,Germany,1963,110,14,Yes
Biomass,4670,14204,2412,Spain,1995,223,52,No
Hydropower,2802,12484,5854,USA,1979,224,15,Yes
Wind,4627,14012,4946,Australia,1994,220,51,Yes
Wind,4003,18822,977,Iceland,1977,95,35,Yes
Hydropower,2438,13998,2236,France,2004,206,35,No
Wind,6947,27722,1818,South Africa,1963,102,13,No
Geothermal,2166,16823,3297,Canada,1968,95,54,Yes
Hydropower,3035,8334,4492,Japan,1961,174,37,Yes
Coal,6552,8348,4624,Mexico,1975,244,35,Yes
Coal,5728,15200,1874,Iceland,2001,164,54,No
Coal,6501,2080,3239,South Africa,1968,45,51,Yes
Hydropower,2080,4558,2824,South Africa,2016,228,28,No
Coal,5545,11350,4666,South Africa,2012,13,20,No
Nuclear,2896,23293,3165,Brazil,1982,182,36,No
Nuclear,3191,17316,3536,Venezuela,1970,169,30,No
Natural Gas,1631,25034,5390,China,2004,86,42,No
Wind,4049,11886,1974,USA,1972,99,22,Yes
Natural Gas,3356,14876,1582,Saudi Arabia,1963,134,27,No
Nuclear,4159,12107,1119,Mexico,1982,191,39,Yes
Hydropower,3978,6789,2677,Iceland,1972,34,19,No
Biomass,6661,2602,5460,Iceland,1985,213,15,Yes
Wind,1437,7522,1191,China,2013,89,12,No
Coal,3820,21590,3908,Argentina,1986,141,11,Yes
Hydropower,6312,10824,4336,India,2000,124,45,Yes
Solar,4963,7250,4106,China,2001,41,29,No
Wind,3202,21610,3252,Argentina,1960,98,49,No
Solar,2492,8382,3398,Japan,2015,192,30,Yes
Natural Gas,3437,14569,2562,Canada,2019,240,47,Yes
Solar,3321,29149,4056,Brazil,1998,113,21,Yes
Geothermal,2988,21163,1051,Italy,2012,20,28,No
Oil,3360,21006,5775,Saudi Arabia,1987,18,44,Yes
Geothermal,3208,21513,1582,India,2000,158,35,Yes
Biomass,6361,4341,5903,South Africa,1996,234,28,Yes
Biomass,1337,23421,5639,Venezuela,1981,213,52,No
Oil,6704,5477,3999,Russia,1981,55,53,No
Oil,1073,2107,1454,Norway,1966,144,19,No
Nuclear,1740,10696,5654,Russia,1972,51,37,No
Solar,6535,6933,5492,UK,1967,135,33,No
Biomass,3398,7113,1364,USA,1963,166,11,Yes
Oil,4401,28417,4587,Iceland,2016,225,29,Yes
Nuclear,5460,7145,4124,USA,1970,95,16,Yes
Nuclear,4248,18652,4693,Russia,1987,174,38,Yes
Wind,1739,17924,2301,UK,2017,6,38,Yes
Oil,6536,21270,1635,Spain,2009,159,39,No
Geothermal,6390,10957,3092,Italy,2009,205,41,Yes
Nuclear,5669,2073,2636,China,1984,88,26,Yes
Solar,4415,13146,2042,Norway,2009,160,47,Yes
Geothermal,1416,8728,4252,Venezuela,2006,104,49,Yes
Solar,3360,6570,5115,Canada,1969,155,46,No
Natural Gas,1412,23648,2594,USA,2004,222,53,Yes
Geothermal,5267,3375,3036,Saudi Arabia,2004,221,41,Yes
Hydropower,6217,10030,2914,USA,1996,113,11,Yes
Geothermal,1178,6862,3357,Canada,1968,89,34,Yes
Natural Gas,3862,5301,5645,Mexico,1969,169,44,Yes
Biomass,3156,4342,4827,Brazil,1995,157,46,No
Biomass,6960,19584,4449,Russia,1961,35,52,Yes
Nuclear,3469,20108,1892,Mexico,1998,145,21,No
Oil,3680,18902,5956,UK,1980,57,37,Yes
Coal,3050,29632,1848,Spain,2005,239,41,No
Solar,1785,15254,4747,Argentina,1985,61,50,Yes
Oil,5239,19015,4204,USA,2004,225,10,Yes
Coal,1707,27089,5186,Saudi Arabia,1985,247,13,No
Geothermal,2365,16703,2793,Japan,1965,73,12,Yes
Nuclear,6616,11407,2116,Canada,1960,198,12,No
Geothermal,5850,29841,5158,Mexico,1999,74,27,No
Wind,4165,28237,3761,Japan,2018,177,22,No
Biomass,6989,19685,1306,UK,1966,90,49,No
Biomass,6330,2814,2450,Saudi Arabia,1966,118,51,Yes
Hydropower,1823,11984,5900,Norway,1999,157,33,Yes
Coal,3225,13990,978,France,2010,141,16,No
Hydropower,6146,21620,1584,USA,1977,241,32,No
Biomass,5856,13930,3999,Russia,1971,127,24,Yes
Coal,1644,20068,1259,Iceland,1977,117,10,Yes
Nuclear,1089,14628,960,France,1997,127,30,Yes
Hydropower,6146,9399,2694,Spain,1990,163,46,No
Nuclear,3291,7666,5369,Argentina,2017,37,42,No
Wind,4695,13118,5446,Iceland,2010,90,46,Yes
Natural Gas,6715,29709,1132,Saudi Arabia,2009,200,28,No
Coal,5754,20334,2738,Saudi Arabia,1969,190,45,Yes
Solar,4193,29291,1888,Venezuela,1972,122,35,Yes
Solar,3656,21172,3273,Saudi Arabia,1977,89,40,Yes
Biomass,3395,3609,1974,South Africa,1996,86,41,No
Wind,3852,13592,5578,China,1992,131,25,Yes
Natural Gas,2407,24068,2852,South Africa,1963,150,34,Yes
Natural Gas,6612,17956,2226,USA,2017,80,32,No
Nuclear,1387,19303,3557,Iceland,2014,151,12,Yes
Oil,2682,28599,2862,USA,1972,126,33,Yes
Oil,1205,11515,810,Mexico,2013,168,43,No
Nuclear,3099,10106,1106,South Africa,2007,63,52,Yes
Solar,5657,2653,5885,Venezuela,1997,90,18,Yes
Oil,6778,2504,3571,UK,2012,242,51,No
Natural Gas,3316,2367,3650,South Africa,1967,48,25,Yes
Oil,3914,11209,803,India,2006,196,29,Yes
Oil,4678,27353,2418,USA,1965,103,24,No
Biomass,4792,21611,3495,Venezuela,1977,120,48,No
Natural Gas,3113,2997,3907,Russia,1978,102,47,Yes
Wind,3136,7958,5966,Saudi Arabia,1978,206,45,No
Nuclear,1165,15737,5466,India,1977,160,21,No
Geothermal,1434,15349,5539,Spain,1993,220,48,Yes
Hydropower,2968,14294,3046,Spain,1970,196,38,Yes
Solar,2228,29962,3845,China,2009,238,45,No
Oil,2028,23077,5560,Iceland,1969,56,52,No
Hydropower,6104,7123,2519,South Africa,1986,64,41,Yes
Nuclear,6043,16411,3858,Australia,1964,169,27,No
Oil,2198,22202,3682,Germany,2000,181,51,Yes
Geothermal,4982,29915,1383,France,1985,230,24,No
Geothermal,4313,29037,3882,Argentina,2010,144,50,No
Wind,4406,8222,2957,Spain,1997,242,45,No
Nuclear,5966,23203,2960,Iceland,1967,77,47,Yes
Natural Gas,6517,7402,805,Germany,1993,240,41,Yes
Geothermal,4588,8911,1236,Japan,1977,243,44,No
Wind,5822,22560,4321,South Africa,2007,98,41,Yes
Coal,6391,27763,5798,Russia,1999,166,29,Yes
Nuclear,1974,3588,1189,Germany,2008,180,29,Yes
Wind,2227,7009,1032,Venezuela,1977,147,47,Yes
Biomass,5575,24922,2410,Germany,1998,227,33,Yes
Coal,3582,26569,5543,USA,1968,115,22,No
Nuclear,5907,7308,2621,USA,1998,164,26,Yes
Biomass,2492,2969,1138,China,2018,220,43,Yes
Natural Gas,4767,14387,4943,India,1983,68,40,No
Natural Gas,2154,15209,3292,South Africa,2015,176,37,No
Nuclear,2661,20047,1097,China,1994,26,48,Yes
Wind,2664,21610,4433,France,1997,135,13,No
Natural Gas,4423,18947,3548,Russia,1987,159,32,Yes
Solar,1184,10527,5716,Spain,1964,233,11,Yes
Biomass,4782,20715,5433,USA,1962,243,24,No
Oil,6074,28756,1459,France,2005,14,37,Yes
Geothermal,3238,21814,2069,Germany,2009,134,10,Yes
Wind,5859,26277,1403,Brazil,1985,189,53,No
Geothermal,6209,28727,4026,China,1966,72,19,No
Coal,3765,4289,4668,China,1970,86,45,No
Solar,2676,12677,3831,Mexico,1979,6,24,No
Biomass,1293,5863,1266,Russia,2005,117,42,No
Wind,5051,7100,1761,Brazil,1975,35,36,No
Geothermal,5983,18358,4162,Saudi Arabia,1980,39,22,No
Geothermal,3363,9531,5793,Italy,2013,230,24,Yes
Geothermal,6624,8763,1405,Japan,1975,180,29,Yes
Solar,5435,19942,2818,India,2014,181,39,No
Solar,4880,3372,5130,Australia,1995,15,27,Yes
Oil,2384,6078,2366,Japan,2007,139,16,No
Geothermal,6497,9211,2729,Canada,1967,10,43,No
Natural Gas,5079,2909,3286,Russia,2000,47,23,Yes
Biomass,4869,19613,4667,France,1996,203,32,No
Biomass,2076,9592,1191,Italy,2009,110,53,No
Hydropower,3698,8781,4548,India,1988,171,10,No
Wind,4796,10670,5062,Italy,2004,10,32,No
Hydropower,6393,23956,892,Australia,2006,65,24,Yes
Wind,1640,12002,2245,South Africa,1969,163,46,No
Biomass,4751,10944,4788,Germany,1996,64,15,Yes
Geothermal,5134,7250,1581,Italy,1983,13,20,Yes
Wind,2506,18411,5005,Australia,1995,196,13,Yes
Wind,1193,18776,2504,Canada,1988,214,14,Yes
Solar,2146,5819,4361,Japan,1978,124,40,No
Nuclear,3737,23711,3998,Brazil,1974,91,15,Yes
Oil,6654,7683,4954,Brazil,1999,136,21,Yes
Geothermal,5327,2215,2951,Venezuela,1980,20,23,No
Biomass,6630,13071,5772,Italy,1996,107,22,No
Coal,2345,21614,1897,Venezuela,1968,115,17,No
Natural Gas,2365,16861,3409,Spain,2008,249,15,Yes
Biomass,6954,13100,5169,Spain,1999,99,20,Yes
Hydropower,6664,9922,1105,Japan,1973,11,40,No
Oil,3482,29821,1913,Australia,2015,98,13,Yes
Wind,2350,24113,3801,South Africa,2003,27,44,No
Geothermal,3662,23364,3848,Spain,2000,15,11,No
Solar,3037,6746,5145,Saudi Arabia,1981,161,53,Yes
Oil,1484,26639,5011,Argentina,2019,140,26,No
Biomass,3199,14562,5610,Venezuela,2007,96,49,Yes
Coal,3170,5556,3706,Saudi Arabia,1992,245,27,Yes
Coal,3130,20632,3135,Italy,1992,88,17,No
Wind,6222,6215,3996,Australia,1990,7,28,No
Nuclear,1089,20746,5761,Australia,1969,120,31,Yes
Oil,1750,13977,3341,Venezuela,1987,76,32,No
Natural Gas,4185,17086,3543,Argentina,1988,209,40,No
Geothermal,1155,5469,1638,China,2016,184,14,No
Nuclear,2537,9692,4162,Norway,2003,24,41,Yes
Biomass,3313,14957,5886,China,1983,248,13,Yes
Coal,5211,21022,2310,Russia,1988,99,19,Yes
Biomass,2873,24888,1457,India,2016,35,19,No
Natural Gas,5491,2077,2196,Saudi Arabia,1962,131,44,No
Geothermal,6184,26201,1735,Russia,1980,32,48,Yes
Nuclear,3295,6796,4823,Russia,1982,20,40,No
Biomass,6955,2588,1116,Australia,1992,52,22,No
Solar,4577,15541,1798,China,1967,28,18,Yes
Coal,1054,17469,3081,Argentina,2016,191,34,Yes
Biomass,2316,17852,5318,South Africa,1981,99,46,No
Nuclear,4198,28601,4854,UK,1980,216,19,Yes
Coal,1019,12097,3397,Japan,1979,141,16,Yes
Coal,2007,28520,2100,USA,1985,146,18,Yes
Oil,4781,14091,3662,China,2007,43,27,No
Solar,5820,8799,1277,USA,1997,171,19,Yes
Oil,6289,16774,1088,South Africa,1984,7,11,No
Biomass,1208,6768,3287,Iceland,1979,47,46,No
Natural Gas,3704,27068,4275,Iceland,2015,56,10,No
Biomass,3233,23758,3852,Brazil,2002,73,51,Yes
Hydropower,3144,13984,4406,Russia,1973,43,24,No
Nuclear,3326,7106,886,UK,2004,202,37,No
Solar,6251,8515,3340,India,1987,64,36,Yes
Biomass,2416,11330,1373,South Africa,1982,196,44,No
Solar,5926,17729,1750,Spain,1987,186,15,No
Biomass,2884,14299,1862,Norway,1963,67,17,Yes
Natural Gas,2193,4319,4597,Russia,2017,115,28,Yes
Wind,2866,15593,5884,Canada,1993,119,25,Yes
Hydropower,1102,23269,1488,Spain,1989,166,39,Yes
Geothermal,2628,20582,5314,Germany,1981,93,48,No
Wind,3156,16289,3805,Argentina,1962,113,26,Yes
Biomass,1907,19146,2529,China,1998,225,13,Yes
Hydropower,6026,20267,4054,Spain,1984,218,15,No
Geothermal,1091,2859,3725,France,1977,177,47,Yes
Nuclear,2841,14764,945,Germany,1973,147,36,No
Geothermal,5679,29367,3138,Brazil,1969,247,44,No
Geothermal,2447,16955,4811,UK,2001,121,43,No
Wind,3918,26675,941,Australia,1985,201,34,No
Hydropower,6125,24942,4913,Venezuela,1997,110,52,Yes
Nuclear,2097,7876,4671,Germany,1974,86,44,Yes
Hydropower,2880,7878,2357,India,1989,212,20,No
Biomass,5236,14681,5122,Norway,2007,158,12,Yes
Nuclear,3792,19270,4513,Norway,1967,196,11,No
Natural Gas,2249,27396,1743,Canada,2018,169,10,Yes
Natural Gas,4899,29947,1990,Spain,1987,145,53,Yes
Hydropower,5814,29473,4703,Saudi Arabia,1988,43,21,Yes
Biomass,4599,23904,1983,USA,1982,192,17,No
Natural Gas,2028,12010,5756,Saudi Arabia,1964,226,45,Yes
Solar,2716,16471,3610,Australia,1963,35,27,Yes
Oil,4911,11654,5010,Saudi Arabia,1984,103,50,Yes
Solar,3376,17186,2064,Germany,1999,216,18,Yes
Nuclear,4333,19739,2660,Australia,1986,239,47,No
Natural Gas,1551,8457,3269,Italy,2018,88,42,No
Coal,1335,26250,5475,USA,1969,36,11,Yes
Natural Gas,4919,29596,2869,Australia,2019,238,51,No
Coal,4881,12509,2997,France,2001,105,14,Yes
Hydropower,1662,19352,4185,Mexico,2012,238,27,No
Nuclear,2241,2232,5882,France,2015,80,38,Yes
Wind,6011,9954,3170,Germany,1967,12,41,Yes
Hydropower,1797,29793,4604,Russia,1980,74,27,Yes
Hydropower,2801,21756,3663,Russia,1971,82,46,No
Coal,4467,21682,1856,Saudi Arabia,1966,195,10,No
Natural Gas,3941,11931,5125,Spain,1988,231,29,No
Geothermal,3919,29479,2497,Japan,2005,179,35,No
Hydropower,6375,15126,2051,Canada,1962,37,39,Yes
Hydropower,4794,13822,5824,Spain,1999,37,17,Yes
Wind,1255,17926,2439,Canada,2017,33,36,No
Solar,6761,26242,5801,Iceland,2018,17,16,Yes
Solar,2335,2043,3459,Russia,1987,98,41,Yes
Hydropower,2546,10769,4521,Argentina,1991,248,13,Yes
Oil,6400,29598,5217,Russia,1995,79,14,Yes
Biomass,6471,14645,5131,Venezuela,1972,239,11,No
Solar,6163,16598,5029,Venezuela,1960,60,22,No
Oil,6083,20553,3082,China,1983,78,18,No
Oil,2677,5244,5092,Australia,1965,248,43,No
Wind,6070,21209,3495,Germany,2015,54,43,No
Solar,5151,2515,5846,Spain,1960,24,39,No
Coal,1407,27993,819,Germany,1995,219,39,Yes
Oil,6735,12747,2834,France,1970,156,32,Yes
Hydropower,2381,23538,3667,Japan,1989,35,35,Yes
Biomass,5966,21934,3782,Canada,1977,193,39,No
Coal,2611,25041,3607,Australia,2008,185,13,No
Biomass,2909,7414,1453,Japan,2000,18,52,No
Oil,5248,28830,811,South Africa,1978,247,37,No
Natural Gas,4409,8096,1655,Brazil,2019,36,50,No
Geothermal,6653,21294,1366,China,2012,191,54,Yes
Natural Gas,4218,13698,5483,Germany,2007,149,23,Yes
Biomass,5159,10333,3144,Mexico,1970,23,36,No
Natural Gas,6465,7974,5503,Argentina,1979,134,54,No
Hydropower,2565,11047,1315,South Africa,1997,20,34,No
Natural Gas,3993,10997,1303,Canada,1973,165,44,Yes
Coal,6288,14125,1954,South Africa,2017,83,35,Yes
Coal,5593,14013,2791,Brazil,1963,78,47,No
Geothermal,3410,21802,5154,Canada,1996,11,41,No
Natural Gas,5199,26658,5177,Norway,1963,248,25,Yes
Coal,4339,6054,4686,Germany,1995,116,32,Yes
Wind,1312,6614,2864,Iceland,1967,200,43,No
Biomass,2312,28186,5032,Japan,2014,75,21,No
Biomass,6241,25979,1521,Japan,1970,123,48,No
Oil,1373,20945,1944,China,1980,212,48,No
Coal,1833,5529,4242,Australia,1988,226,27,Yes
Coal,6882,16810,4476,Italy,1968,90,38,Yes
Natural Gas,3073,6272,5486,UK,1968,184,53,No
Solar,5044,8991,4312,China,1977,79,30,No
Nuclear,3968,15713,1389,Brazil,1977,191,54,Yes
Coal,5243,26830,5464,USA,1965,210,46,No
Wind,6827,13073,2595,South Africa,1991,96,18,Yes
Coal,1948,7531,2139,Australia,1989,159,15,No
Natural Gas,3504,28611,4486,Brazil,2019,31,40,No
Natural Gas,5142,28340,3215,USA,1976,238,12,Yes
Oil,6347,19315,3876,Argentina,2017,73,30,No
Nuclear,5131,12505,1824,South Africa,2012,64,34,Yes
Coal,3257,15033,1734,Venezuela,1982,162,54,Yes
Biomass,2175,10205,4006,Canada,1995,181,23,Yes
Hydropower,3109,22917,2707,China,2010,97,29,No
Biomass,6749,25878,5728,Australia,1995,66,43,Yes
Hydropower,2205,15272,1123,India,1976,193,48,Yes
Coal,5620,27354,3995,Iceland,2013,148,38,Yes
Geothermal,6549,22601,3941,Canada,1987,115,26,Yes
Wind,5602,3323,1167,Spain,1992,96,29,Yes
Coal,6551,22648,861,Argentina,2007,173,46,No
Oil,3158,3268,1008,Venezuela,1962,165,25,Yes
Biomass,1679,23263,1273,Russia,1971,178,47,No
Coal,6779,27614,1305,Venezuela,1978,118,48,Yes
Oil,2258,12709,4862,China,1984,147,20,No
Geothermal,2901,26576,1760,Japan,1984,73,51,No
Wind,6042,23795,5185,Saudi Arabia,1960,94,29,No
Nuclear,3987,24113,2105,South Africa,2005,229,51,Yes
Oil,1594,21854,5588,Mexico,1968,17,52,Yes
Wind,2486,20182,5584,Italy,1983,177,19,Yes
Hydropower,6209,27176,3266,Brazil,1961,110,23,No
Wind,1101,13766,1746,Iceland,2019,64,19,Yes
Wind,3424,23507,3550,India,1989,175,39,Yes
Nuclear,5280,3348,4171,Mexico,2007,196,11,No
Coal,3082,3125,2995,UK,1998,57,29,No
Solar,1986,17848,5315,Iceland,1998,146,42,No
Geothermal,1523,25391,3491,Norway,2004,185,44,No
Wind,3668,20331,3833,Mexico,2010,183,40,Yes
Wind,4211,6722,5287,Spain,2010,125,46,No
Natural Gas,3408,28601,1316,Italy,1977,183,36,Yes
Natural Gas,4966,25107,5289,South Africa,1979,118,50,No
Solar,4249,9970,5860,Venezuela,1985,202,10,Yes
Hydropower,5044,10617,3793,Spain,1965,220,27,No
Biomass,6343,6877,4586,Argentina,2019,234,41,No
Nuclear,5042,10063,3840,China,2006,121,33,Yes
Hydropower,6936,11329,4277,Mexico,1981,227,42,Yes
Geothermal,5682,29025,4988,Saudi Arabia,1994,225,27,Yes
Solar,4211,18746,3895,China,1993,187,17,Yes
Natural Gas,6666,25208,5008,Argentina,1998,218,17,Yes
Hydropower,5810,9661,2850,Australia,2010,88,26,No
Geothermal,4532,27546,4128,Venezuela,1987,93,52,No
Nuclear,3801,8950,2601,Mexico,2001,126,40,No
Biomass,3416,17914,949,France,1997,180,40,Yes
Solar,2546,6419,2288,Canada,2009,92,44,No
Coal,1770,15595,1390,Argentina,1964,178,35,Yes
Geothermal,2401,23135,2803,Iceland,1979,67,28,Yes
Solar,6103,17090,4474,India,2011,15,19,Yes
Hydropower,1075,9652,1900,China,1993,99,28,Yes
Biomass,2966,19130,5619,France,1981,101,30,Yes
Wind,4123,5762,4018,Italy,1964,218,22,No
Nuclear,5009,8188,4362,France,2011,109,25,Yes
Wind,5090,26916,5680,USA,1985,59,31,Yes
Biomass,4715,2564,3864,Iceland,2011,99,52,Yes
Geothermal,3320,20329,1131,India,1967,139,48,No
Wind,4878,6268,4867,Venezuela,2016,158,31,No
Nuclear,5356,6177,5273,Japan,1996,10,21,No
Geothermal,1915,27221,5942,Saudi Arabia,2011,188,15,Yes
Solar,5689,2711,3124,China,1991,228,31,Yes
Hydropower,4216,7956,1417,Argentina,2007,52,32,No
Nuclear,3430,26159,4238,Japan,1962,243,53,No
Geothermal,1664,29997,5999,Norway,2017,160,36,Yes
Solar,2291,2106,3808,Venezuela,1985,94,27,No
Hydropower,1150,2754,1679,Venezuela,1972,166,18,No
Natural Gas,4644,3627,4205,Spain,2012,224,27,Yes
Hydropower,2243,9659,1705,USA,2017,149,31,Yes
Geothermal,5738,2937,3594,USA,1965,149,12,No
Coal,6000,13474,4010,Norway,1995,84,51,Yes
Geothermal,6192,6509,5265,Mexico,1990,227,39,No
Geothermal,6849,6082,1415,Japan,2012,167,35,Yes
Oil,2588,7484,3394,South Africa,2012,192,29,Yes
Wind,3392,29273,2124,Argentina,1969,74,42,Yes
Coal,3965,22534,1418,Norway,2009,77,22,Yes
Nuclear,3463,29528,2792,Italy,2011,149,48,Yes
Solar,1755,25577,2987,USA,1977,235,54,Yes
Wind,6895,28785,3770,Australia,2016,56,27,Yes
Biomass,4734,10721,1278,Iceland,1989,236,39,Yes
Hydropower,4708,14785,4810,UK,1971,97,14,No
Oil,2322,20863,1653,Mexico,1994,138,32,Yes
Hydropower,3783,15873,2593,Venezuela,2003,5,24,Yes
Geothermal,1310,5134,2330,Iceland,2016,216,46,Yes
Oil,6555,15127,1756,India,2018,28,26,Yes
Hydropower,3642,26414,1394,Germany,2003,163,25,Yes
Oil,4863,22478,4348,Germany,1993,249,41,Yes
Nuclear,6913,25504,4779,Australia,2018,115,27,No
Oil,6945,11302,5780,UK,1988,43,10,No
Hydropower,1301,12747,1415,Brazil,1982,173,25,No
Biomass,6720,24693,1848,South Africa,1985,231,12,No
Biomass,2971,19673,3642,Russia,1987,86,39,No
Natural Gas,2339,14206,4692,Brazil,1977,132,49,Yes
Solar,2964,6748,3979,Norway,1993,148,44,Yes
Biomass,2178,15400,3414,Spain,1993,79,23,Yes
Natural Gas,4704,3397,3317,Venezuela,2012,23,40,No
Biomass,3677,29030,4029,France,1985,237,13,Yes
Natural Gas,5729,17950,4769,Argentina,1980,32,43,No
Biomass,1416,29181,2030,Venezuela,2019,56,45,Yes
Hydropower,2822,3825,3104,Venezuela,1967,129,29,Yes
Hydropower,6774,19086,3375,UK,1960,175,14,No
Hydropower,4399,25044,4289,Russia,1972,235,21,No
Natural Gas,5192,21269,1472,Italy,2009,211,47,Yes
Geothermal,2725,6733,1565,Saudi Arabia,1967,52,24,Yes
Natural Gas,1513,7196,5651,Italy,2004,86,22,No
Solar,4574,2681,997,Russia,1983,124,48,No
Geothermal,3413,12636,2750,Argentina,1998,174,52,No
Hydropower,4190,26320,3977,Norway,1962,241,38,Yes
Wind,3522,13973,5583,Japan,2019,136,30,Yes
Natural Gas,2039,3769,2322,Iceland,1969,245,42,Yes
Wind,2226,25905,5269,Brazil,1990,122,53,No
Nuclear,4751,21121,3774,UK,2010,158,16,No
Coal,1106,12634,1854,Mexico,1986,221,24,Yes
Natural Gas,6726,14486,4493,Japan,1972,113,47,No
Wind,5352,17047,4341,Japan,1978,228,12,Yes
Natural Gas,2617,24939,4136,USA,1999,220,19,Yes
Natural Gas,4258,25846,4121,USA,2009,84,37,No
Natural Gas,4084,20539,5645,Saudi Arabia,1989,26,39,Yes
Natural Gas,6339,15010,5969,Brazil,2018,65,44,Yes
Hydropower,6046,6723,5268,Canada,2006,34,15,No
Coal,1431,26554,3451,Venezuela,1998,27,34,Yes
Hydropower,1790,6550,4048,Italy,2015,29,52,No
Hydropower,5468,4982,5479,Brazil,1966,72,20,No
Biomass,3018,8257,2362,India,1962,142,22,Yes
Hydropower,4882,22839,2303,Japan,2009,43,14,Yes
Biomass,4396,12024,4270,Venezuela,1973,69,43,No
Oil,4962,2040,3635,Saudi Arabia,2016,84,46,No
Coal,1830,22574,3911,France,2011,241,46,Yes
Geothermal,4876,25716,5821,UK,1976,238,39,No
Coal,4923,28722,4717,Norway,1991,147,48,No
Wind,3220,14859,840,Iceland,1968,74,20,Yes
Coal,1721,29225,4001,Argentina,2001,86,52,Yes
Oil,3288,3947,1657,Argentina,1999,191,45,No
Hydropower,1198,2696,1598,Japan,1991,110,44,No
Coal,1262,9295,2249,USA,1985,72,22,Yes
Natural Gas,4504,3311,3696,Russia,1978,245,31,Yes
Geothermal,6513,4864,2204,Saudi Arabia,1979,216,16,No
Solar,5173,9147,3678,Spain,1988,87,41,Yes
Oil,6816,28750,4715,Russia,1961,112,22,No
Coal,3441,6483,4341,UK,2017,182,52,No
Coal,1469,22983,4856,Japan,1986,118,12,No
Coal,2858,20087,2117,Australia,2011,134,33,No
Wind,6230,23516,4548,Brazil,1990,140,34,No
Solar,2188,13092,1472,Canada,1981,13,20,No
Solar,1284,5531,1553,Italy,2012,36,21,Yes
Solar,6620,16668,1567,Russia,1971,129,50,No
Solar,1970,7752,3760,Germany,1995,19,14,No
Solar,5988,6466,4291,Germany,1994,211,44,No
Nuclear,6261,23423,5283,USA,2014,153,27,No
Natural Gas,2538,6409,1221,Norway,1960,151,14,No
Biomass,3469,20581,4296,India,2017,244,36,No
Coal,2758,2524,4355,Japan,1984,168,50,Yes
Geothermal,5049,24511,5411,Spain,2006,49,17,No
Biomass,2539,19041,5419,Brazil,1992,237,12,No
Geothermal,1111,24951,1934,Italy,2000,108,44,Yes
Coal,2779,10095,4382,India,2018,164,43,Yes
Wind,5690,11839,2759,Italy,1964,198,53,No
Biomass,5914,7789,3616,Canada,1989,223,30,No
Natural Gas,2981,8583,5462,Russia,2011,157,39,No
Nuclear,3538,4497,5974,Spain,2014,43,54,No
Geothermal,6074,11509,2679,Venezuela,2016,46,12,Yes
Solar,5124,16848,1511,Mexico,2012,228,24,Yes
Solar,2827,10983,2523,Spain,1978,189,20,Yes
Nuclear,1309,7005,4193,Brazil,2012,80,22,Yes
Biomass,4866,2136,1282,USA,1997,245,36,No
Biomass,4441,16804,5950,Australia,1999,64,49,Yes
Solar,6479,16389,4465,Australia,1962,40,24,Yes
Solar,6674,4258,1463,Saudi Arabia,2011,80,40,Yes
Geothermal,4886,14045,3779,Norway,1993,246,13,Yes
Geothermal,5293,16728,1729,Russia,1985,52,24,Yes
Coal,1127,13654,1702,USA,1987,182,52,Yes
Oil,1171,26987,2872,France,2005,246,31,Yes
Oil,2107,13429,5954,France,1982,119,46,Yes
Solar,5158,2419,5337,Mexico,2002,244,15,Yes
Wind,4274,8494,1158,USA,2009,119,50,No
Coal,2243,2972,5353,Norway,1966,114,54,Yes
Natural Gas,5835,20733,1464,Argentina,2013,34,26,No
Wind,3912,5920,2557,Argentina,1989,233,17,No
Geothermal,5262,29962,2341,UK,1992,55,30,No
Solar,4827,9319,3792,Argentina,1999,126,29,Yes
Geothermal,4454,21198,3769,Saudi Arabia,1983,143,12,No
Nuclear,6979,25794,3054,France,1997,47,42,Yes
Nuclear,6945,2746,3945,Brazil,1970,31,45,Yes
Nuclear,4809,2968,4367,Italy,1969,208,28,No
Natural Gas,4901,10183,828,Russia,1961,190,27,No
Hydropower,4881,20896,2223,Mexico,1960,110,12,No
Natural Gas,5971,29893,5602,USA,1963,204,19,No
Solar,3403,13133,3908,Argentina,1985,130,52,No
Hydropower,3298,15842,1447,Germany,2000,121,16,Yes
Nuclear,3792,7066,4937,UK,1972,229,31,Yes
Nuclear,6940,3935,3644,Australia,1963,224,17,No
Hydropower,1279,27062,5278,UK,1994,12,31,Yes
Natural Gas,2146,8013,982,Canada,1987,188,19,Yes
Wind,4912,6952,2644,Saudi Arabia,2009,217,35,No
Biomass,4625,24255,2239,Iceland,1961,150,28,Yes
Nuclear,4309,21264,4982,Argentina,1968,79,17,Yes
Solar,5924,9555,3895,Mexico,1998,225,24,Yes
Coal,1815,22442,5732,USA,1993,203,14,No
Geothermal,2679,21348,3424,Argentina,2003,61,38,Yes
Coal,6156,7103,4785,UK,1991,161,29,No
Coal,3654,13439,2916,Venezuela,1989,149,19,No
Biomass,3021,20878,4075,Italy,2008,66,37,Yes
Oil,1810,5096,4770,China,2005,73,30,Yes
Solar,1512,29346,4378,UK,1973,202,12,Yes
Wind,3950,16473,4295,Saudi Arabia,1974,221,23,Yes
Coal,5829,15640,1310,Australia,1988,177,42,No
Geothermal,4139,29847,2439,Argentina,1976,59,25,No
Wind,5383,8127,5917,Germany,1995,245,15,No
Coal,3845,18681,2071,Spain,1984,165,22,Yes
Solar,2987,25254,5024,Spain,2005,115,52,No
Natural Gas,5093,11539,4300,Germany,1966,209,47,No
Oil,2286,8094,5972,India,1978,188,15,Yes
Oil,5329,13391,2185,Italy,2016,198,40,No
Natural Gas,4557,10002,5583,Spain,1993,244,17,Yes
Biomass,5363,16039,3557,Italy,1968,17,30,No
Geothermal,4409,22715,4361,Australia,1974,158,29,No
Geothermal,3871,7144,2884,USA,1978,69,44,No
Biomass,5989,22052,2212,Argentina,2001,74,36,No
Natural Gas,2323,24179,2587,France,2019,81,49,Yes
Coal,5628,21886,1809,Brazil,1999,163,21,Yes
Oil,5571,6640,5117,Australia,1984,173,28,Yes
Wind,1511,15090,5643,USA,1972,150,27,Yes
Biomass,3679,24058,5086,Venezuela,1969,161,10,No
Oil,6596,2860,5581,Brazil,2008,249,14,Yes
Wind,5366,8181,3307,Argentina,1993,33,26,Yes
Coal,1270,18612,2634,Germany,2009,16,52,Yes
Oil,3128,19463,3008,Saudi Arabia,1993,98,35,Yes
Solar,1447,7994,1697,Australia,2010,70,43,Yes
Biomass,5469,12787,5644,Iceland,1984,109,38,No
Nuclear,1043,18359,1999,India,1975,133,44,No
Wind,4799,18739,4546,Brazil,2006,113,27,Yes
Nuclear,6012,25617,4170,Norway,1999,183,17,Yes
Oil,6115,16685,5260,Saudi Arabia,1966,160,53,No
Solar,3583,15972,1226,Argentina,1977,189,10,Yes
Nuclear,6410,7349,4636,China,1968,84,18,Yes
Coal,4360,20787,4430,Brazil,2007,112,30,Yes
Natural Gas,3881,15102,1799,Mexico,1961,185,11,Yes
Oil,6398,9522,4602,India,1967,21,47,Yes
Nuclear,3837,2091,2441,USA,1980,95,37,Yes
Coal,5537,28686,2376,Saudi Arabia,2000,82,53,Yes
Wind,3628,10689,3468,Germany,1968,30,25,Yes
Solar,2000,20683,5264,Australia,2012,238,19,No
Solar,5007,12830,4299,Brazil,1960,156,34,No
Coal,5888,6970,3708,Mexico,2015,65,18,Yes
Natural Gas,3390,16494,5344,France,2001,204,54,No
Biomass,5020,17707,1868,Australia,1962,152,35,No
Natural Gas,4546,14339,3741,Argentina,1992,235,45,Yes
Wind,4720,25044,4406,Spain,1982,70,37,No
Nuclear,3821,16020,4083,USA,1970,112,44,No
Nuclear,6345,2902,5205,USA,1990,195,11,Yes
Solar,5438,18105,1301,UK,1968,173,18,No
Nuclear,1250,9427,4190,Mexico,1981,73,25,Yes
Natural Gas,4666,4727,1524,Canada,2015,148,34,Yes
Solar,6898,12732,4392,Russia,2017,26,18,Yes
Geothermal,3622,25652,5866,Japan,2005,24,27,Yes
Hydropower,2565,8555,1609,Mexico,1963,161,49,No
Nuclear,1139,18013,5826,Brazil,1965,230,30,Yes
Coal,3206,18684,1998,Brazil,1987,143,16,Yes
Hydropower,1327,8400,3563,China,1986,29,46,Yes
Oil,4642,12058,4125,Russia,1972,158,28,No
Coal,6086,4781,1512,Saudi Arabia,1960,186,36,No
Natural Gas,1665,2846,2135,Venezuela,1963,12,25,Yes
Natural Gas,1492,3152,2580,USA,2003,153,17,No
Geothermal,1822,21712,1103,Japan,1992,104,11,No
Wind,6238,8240,3367,Saudi Arabia,2000,220,38,No
Coal,1339,20292,1048,France,1980,195,26,Yes
Geothermal,3221,18139,5208,Canada,1974,195,39,No
Coal,2401,24557,4981,Saudi Arabia,1984,211,22,No
Coal,1490,25941,1910,Russia,1963,148,43,Yes
Natural Gas,1884,20501,819,Iceland,1992,137,11,No
Biomass,5081,23177,4555,France,1969,112,39,No
Oil,1851,11502,4379,Italy,1966,105,40,Yes
Wind,3297,29410,5253,Norway,1963,227,27,No
Geothermal,3597,6714,2166,Brazil,2018,101,15,Yes
Hydropower,1876,26592,3209,France,1988,108,31,Yes
Nuclear,4801,28487,2580,Venezuela,1963,239,15,No
Geothermal,2543,13601,4963,UK,1975,90,34,Yes
Wind,4004,15515,5821,Australia,1992,120,51,Yes
Oil,5450,12249,3765,France,1998,134,25,No
Hydropower,6805,20313,2033,China,2004,183,49,No
Biomass,2512,25258,4623,China,1988,28,53,No
Biomass,2857,27676,3323,South Africa,2013,69,50,No
Geothermal,6444,28304,3521,Spain,2010,19,33,No
Wind,2030,7351,4296,Spain,1965,224,31,Yes
Natural Gas,2394,28524,3609,Germany,1961,249,52,No
Hydropower,5863,20166,2507,Spain,1977,210,32,Yes
Coal,4644,13085,2899,India,2007,42,50,No
Geothermal,3109,13194,3845,Spain,1968,57,42,Yes
Wind,4575,12873,1266,Saudi Arabia,1969,103,19,No
Coal,3506,9600,3286,UK,2012,209,50,Yes
Geothermal,5893,12091,2799,France,1973,135,38,Yes
Coal,2263,8100,4636,Spain,2008,119,38,Yes
Nuclear,2016,24639,5203,Brazil,2001,102,20,Yes
Geothermal,5124,24092,3277,India,1984,211,31,No
Geothermal,4459,19944,2056,Brazil,1964,150,21,Yes
Hydropower,5562,22229,4221,Russia,1967,238,29,Yes
Hydropower,2685,15346,932,Russia,1965,49,25,Yes
Wind,4334,18460,3544,Germany,1999,204,19,Yes
Biomass,2301,13451,1290,UK,1980,32,34,No
Solar,4703,5627,1584,USA,1963,156,29,No
Wind,3970,11167,1877,Japan,1961,104,24,No
Wind,5544,11019,2805,Spain,1969,244,46,No
Natural Gas,3435,5349,1506,China,1986,70,41,Yes
Oil,6941,9652,4877,UK,1961,76,16,Yes
Natural Gas,2400,9665,1752,South Africa,2000,62,47,Yes
Biomass,3699,8654,5304,Brazil,2008,80,39,Yes
Solar,3028,8508,1549,Japan,1998,190,46,No
Nuclear,2541,19932,1839,Venezuela,2006,236,47,No
Biomass,3833,13120,4225,Brazil,1981,15,38,No
Hydropower,6201,27221,4216,Canada,1972,13,26,Yes
Coal,2257,18148,3208,Japan,1966,19,15,Yes
Nuclear,1110,3660,5539,Mexico,1992,226,28,Yes
Biomass,3668,28903,3251,Argentina,2002,100,27,Yes
Geothermal,2054,8741,1452,Norway,1980,31,43,No
Nuclear,4938,4863,5010,USA,1972,56,36,No
Natural Gas,2795,4042,4172,Spain,1982,174,33,No
Nuclear,1128,22230,2666,Saudi Arabia,1980,213,52,Yes
Biomass,2885,2068,3551,Iceland,2005,46,26,Yes
Natural Gas,3348,23705,1788,Germany,1993,50,31,Yes
Biomass,2260,15231,5269,Brazil,1992,100,54,Yes
Nuclear,4967,26480,2559,Canada,1969,159,31,Yes
Wind,3675,8090,2824,Australia,2019,106,36,Yes
Biomass,4005,29354,2121,UK,1996,202,53,Yes
Nuclear,3302,22955,1422,Australia,1963,82,36,Yes
Oil,4072,3296,1200,UK,2001,14,14,Yes
Oil,4857,3762,2883,Canada,1968,26,48,Yes
Geothermal,3461,25702,2698,Italy,1988,7,23,No
Coal,2627,7245,2453,China,2011,244,19,Yes
Biomass,6026,19436,1905,India,1973,165,16,Yes
Natural Gas,2010,14572,2885,Mexico,1983,73,45,Yes
Natural Gas,2252,4673,5409,Germany,1967,129,22,No
Hydropower,2211,26526,5923,Mexico,2011,173,15,Yes
Biomass,6141,9013,3019,Australia,1972,11,41,Yes
Coal,5159,12841,4217,Norway,1962,198,38,Yes
Nuclear,6854,19541,2337,UK,1996,58,28,No
Solar,2637,19986,1154,UK,2005,123,35,Yes
Nuclear,2743,23923,5704,Argentina,1973,108,38,Yes
Wind,3945,27291,3954,Russia,1983,57,45,Yes
Hydropower,4049,17283,1353,Argentina,1999,67,54,Yes
Coal,2773,21021,1110,Saudi Arabia,2019,239,25,No
Solar,2260,24499,2511,Canada,2017,68,41,Yes
Coal,2973,29320,2428,Argentina,2014,124,45,No
Oil,6581,26031,2719,Norway,1969,209,38,No
Oil,3674,23982,3657,Japan,1999,63,41,Yes
Hydropower,4247,25813,4678,Japan,1975,178,21,No
Coal,2730,28653,3055,Spain,1971,91,35,No
Biomass,1267,24619,5820,Russia,1969,237,28,No
Wind,2929,18309,2066,UK,1961,81,42,No
Nuclear,3856,22968,853,Canada,1986,21,45,Yes
Biomass,5022,21610,1901,Venezuela,1971,72,36,No
Oil,1947,9452,2497,Venezuela,1991,219,40,No
Coal,5143,2999,3310,Venezuela,2008,29,14,Yes
Coal,1772,20855,3221,USA,2018,138,53,Yes
Wind,4569,17969,1704,USA,1971,217,24,No
Nuclear,5742,2105,2894,Japan,1961,15,15,No
Hydropower,4446,25215,4502,UK,2017,109,42,Yes
Wind,4500,16445,5749,Norway,1968,193,10,Yes
Solar,1492,22857,1070,Japan,1985,94,14,Yes
Wind,4813,14548,3104,Mexico,2016,31,31,No
Solar,5114,23942,5330,Canada,1990,158,30,Yes
Wind,6122,4432,1285,Spain,1993,227,49,No
Wind,3245,26843,3030,China,2004,30,24,Yes
Natural Gas,1505,10371,3753,USA,1983,74,15,No
Oil,2253,18995,2625,Canada,1980,32,22,No
Oil,6732,19348,4116,Saudi Arabia,2009,197,13,Yes
Biomass,1362,26346,2376,Brazil,1968,38,39,No
Hydropower,3205,25025,1480,Italy,1960,7,43,Yes
Solar,2179,27308,2727,Saudi Arabia,1994,206,47,No
Nuclear,5538,23392,1722,Germany,1990,211,28,No
Geothermal,1395,27670,4541,Germany,1998,194,19,Yes
Natural Gas,4377,29384,2770,Russia,1980,44,46,No
Solar,6448,28719,5081,Germany,1997,156,13,Yes
Coal,5440,19410,2353,Germany,1982,240,15,No
Biomass,2539,14796,1438,Brazil,2002,185,18,Yes
Biomass,2648,13506,3147,Russia,2008,202,19,No
Geothermal,4897,14097,5121,UK,1982,39,27,Yes
Solar,4506,16496,5638,Germany,2001,228,52,Yes
Natural Gas,5025,4273,4765,Brazil,1980,135,48,Yes
Coal,1131,11638,5683,Spain,2003,105,33,Yes
Biomass,2959,4628,4093,China,1967,211,54,Yes
Solar,6630,20270,5286,Norway,1961,32,13,Yes
Solar,3005,9428,4068,Argentina,2016,160,49,Yes
Wind,5253,20767,2274,Germany,2005,197,13,No
Hydropower,3997,23631,4296,Canada,1990,90,53,No
Solar,5163,22757,3336,Canada,1972,239,15,Yes
Hydropower,2592,5961,4848,Argentina,1965,234,54,Yes
Hydropower,6199,11318,5735,South Africa,2016,22,21,No
Natural Gas,3349,14560,3640,Canada,1981,77,51,Yes
Nuclear,5698,4050,2039,USA,1965,141,53,No
Oil,3127,16126,4250,Iceland,1976,50,46,Yes
Oil,6131,19085,5670,Argentina,2003,18,25,Yes
Hydropower,3181,24702,1363,Brazil,1983,25,40,No
Geothermal,1926,23614,1479,Japan,2000,117,10,No
Nuclear,4258,20720,5432,China,1997,154,26,Yes
Nuclear,2604,26807,4532,USA,2007,92,43,Yes
Coal,1315,16231,5699,Iceland,2008,134,53,Yes
Nuclear,1544,5773,1668,India,1999,171,17,Yes
Hydropower,4877,26961,5046,Brazil,2000,243,27,Yes
Geothermal,1637,13556,2306,Argentina,1998,61,47,Yes
Wind,5653,5929,5823,Canada,2003,80,51,No
Wind,1250,2264,3356,Russia,2018,157,48,Yes
Wind,2179,24063,3950,Germany,2008,98,45,No
Nuclear,4815,29483,4391,Brazil,1960,164,27,Yes
Solar,1795,19408,1323,India,1969,154,25,Yes
Solar,6149,2163,2527,South Africa,1975,225,52,No
Hydropower,1126,25578,3398,Germany,2012,209,35,Yes
Wind,6195,7310,1993,Brazil,2004,225,18,No
Geothermal,3145,7999,1858,Spain,2013,237,25,Yes
Natural Gas,4278,4996,1009,Iceland,1964,70,53,Yes
Solar,4622,18362,5322,Venezuela,1988,100,46,No
Natural Gas,4339,11878,3942,Russia,2009,187,45,No
Natural Gas,4530,25199,4003,India,1995,143,44,No
Hydropower,2782,5713,4987,USA,1980,225,54,No
Oil,2714,28461,3820,Brazil,1966,53,11,No
Natural Gas,2222,4307,2503,Venezuela,2001,111,45,Yes
Natural Gas,2686,2259,1013,Spain,1991,234,38,Yes
Coal,2147,11570,5689,USA,1985,26,37,Yes
Hydropower,4659,7236,5003,India,1976,208,51,No
Coal,6411,26740,4802,Russia,1964,248,12,Yes
Solar,5564,24954,2205,Venezuela,2006,137,24,No
Biomass,4012,15332,3403,Spain,1973,235,34,Yes
Nuclear,2599,7353,3525,China,1993,128,34,Yes
Solar,5868,20565,4878,USA,1977,113,52,No
Geothermal,5785,27599,5003,Japan,2007,211,29,No
Wind,5980,29731,2297,France,1961,186,15,No
Biomass,2181,27270,5879,South Africa,1985,232,45,Yes
Coal,6823,15029,4682,Norway,2007,188,45,Yes
Nuclear,1603,21715,4371,Italy,1982,236,43,Yes
Natural Gas,1360,29696,1508,Mexico,2002,175,36,Yes
Hydropower,4610,17198,4564,USA,1982,100,22,Yes
Nuclear,1585,19054,1255,USA,1977,48,36,Yes
Biomass,3271,19625,4919,Argentina,1963,77,25,Yes
Geothermal,4934,16215,1144,India,1979,155,50,Yes
Nuclear,2809,18298,4112,Saudi Arabia,2006,44,47,No
Solar,2735,19036,2528,UK,1989,173,25,Yes
Solar,1201,9684,5394,Germany,2014,39,45,Yes
Wind,2756,14528,2787,Italy,1964,40,31,Yes
Oil,4887,15211,1153,Russia,1980,249,39,No
Biomass,3096,6300,4671,Mexico,2005,233,32,Yes
Coal,5471,17983,5972,India,1990,185,48,Yes
Solar,4015,23194,5990,Japan,2004,228,13,No
Wind,3627,18811,2155,Canada,1975,192,35,Yes
Wind,4707,6334,4836,Mexico,1993,169,25,Yes
Biomass,3366,4803,4702,Brazil,1964,54,35,No
Nuclear,3341,26619,2069,Venezuela,1979,23,13,Yes
Biomass,4077,28374,1925,China,1997,186,30,No
Nuclear,1055,2711,4711,India,2012,146,54,No
Solar,6550,16848,2327,Saudi Arabia,1960,59,33,No
Hydropower,3086,27139,2361,USA,1977,196,13,No
Geothermal,5657,19058,3283,Iceland,1977,190,33,No
Geothermal,3312,15760,3658,Iceland,2009,52,43,No
Natural Gas,2217,10978,4805,Japan,1999,144,13,No
Solar,6442,15088,5796,USA,2000,240,19,Yes
Wind,6182,18386,1564,Italy,1978,247,40,Yes
Nuclear,3064,26230,3806,Brazil,1965,218,25,No
Natural Gas,6309,5340,2634,France,1994,197,10,No
Coal,5290,3600,3884,Mexico,1963,131,25,No
Coal,4466,6990,3632,Argentina,2018,127,49,Yes
Nuclear,5116,19148,813,China,1960,174,36,No
Biomass,2124,29720,2603,Japan,2015,150,34,No
Natural Gas,6902,20179,4854,South Africa,1995,150,36,No
Oil,4704,17757,3210,China,1985,166,12,Yes
Oil,1052,4010,1208,Japan,1980,45,19,No
Hydropower,1455,6227,3728,Canada,1989,232,44,Yes
Wind,2925,11446,1687,Brazil,1961,168,42,No
Solar,4342,29078,3518,USA,1974,39,22,Yes
Oil,2650,22102,2232,Spain,2004,96,31,Yes
Nuclear,1750,24932,3742,Russia,1998,232,12,No
Nuclear,4023,6922,3481,UK,1964,120,39,Yes
Solar,1819,28626,1166,Brazil,1966,37,18,No
Geothermal,1407,2981,1795,India,1977,157,30,Yes
Oil,6881,26751,3958,Italy,1989,128,42,Yes
Solar,1859,11727,5544,Japan,2016,14,38,Yes
Geothermal,5870,5764,1412,Canada,1961,96,45,Yes
Coal,6833,5642,1627,South Africa,1976,178,10,No
Nuclear,3168,22590,2289,Saudi Arabia,1962,159,20,No
Hydropower,6185,24098,1755,Japan,1974,18,13,Yes
Geothermal,2099,14542,2168,Norway,2002,169,11,No
Nuclear,1855,12553,2936,Saudi Arabia,2009,47,35,Yes
Coal,3556,18043,4995,Mexico,1984,29,22,Yes
Solar,6830,9658,4705,Saudi Arabia,1965,53,20,Yes
Geothermal,3856,22549,1004,Russia,2017,56,32,Yes
Geothermal,4772,29869,1910,Japan,1981,225,39,No
Solar,6156,15391,5656,China,1968,245,20,Yes
Hydropower,6004,9257,5103,USA,1968,232,13,Yes
Coal,6027,18877,3904,Mexico,1993,164,42,No
Coal,1062,13253,5953,India,1965,165,46,No
Biomass,2477,7400,4205,USA,1992,177,19,Yes
Solar,6950,6452,2465,Iceland,2013,95,43,No
Solar,1442,12940,4387,Venezuela,1960,141,45,Yes
Wind,5684,2889,1223,UK,2003,22,51,Yes
Hydropower,4602,29456,1048,Spain,2011,116,15,No
Wind,3432,23581,2270,France,1966,155,40,Yes
Solar,2025,11740,862,Venezuela,1974,162,53,No
Wind,6844,14998,4484,South Africa,1997,5,43,Yes
Natural Gas,1717,3137,3131,India,1988,243,15,Yes
Biomass,2626,20993,5850,Norway,1976,11,38,No
Geothermal,6232,10323,2189,South Africa,2013,212,19,No
Biomass,6269,23408,5126,Germany,1989,154,47,No
